season,team,pre_games,pre_wins,pre_losses,pre_ties,pre_win_pct,pre_points_for,pre_points_against,pre_ppg,pre_pa_pg,pre_point_diff_pg,reg_wins,reg_losses,reg_ties,reg_games,reg_win_pct,made_playoffs,super_bowl_champion,predicted_win_pct,predicted_win_pct_clipped,predicted_wins,rank
2026,LAR,3,3,0,0,1.0,74,30,24.67,10.0,14.67,,,,,,,,0.5368083536932452,0.5368083536932452,9.1,1
2026,BAL,3,3,0,0,1.0,78,13,26.0,4.33,21.67,,,,,,,,0.5368083536932452,0.5368083536932452,9.1,2
2026,BUF,3,3,0,0,1.0,88,48,29.33,16.0,13.33,,,,,,,,0.5368083536932452,0.5368083536932452,9.1,3
2026,CIN,3,3,0,0,1.0,73,36,24.33,12.0,12.33,,,,,,,,0.5368083536932452,0.5368083536932452,9.1,4
2026,CAR,4,3,1,0,0.75,97,89,24.25,22.25,2.0,,,,,,,,0.5184255353993703,0.5184255353993703,8.8,5
2026,GB,3,2,1,0,0.6667,84,79,28.0,26.33,1.67,,,,,,,,0.5123003803438512,0.5123003803438512,8.7,6
2026,ATL,3,2,1,0,0.6667,58,45,19.33,15.0,4.33,,,,,,,,0.5123003803438512,0.5123003803438512,8.7,7
2026,NYG,3,2,1,0,0.6667,59,22,19.67,7.33,12.33,,,,,,,,0.5123003803438512,0.5123003803438512,8.7,8
2026,JAX,3,2,1,0,0.6667,60,54,20.0,18.0,2.0,,,,,,,,0.5123003803438512,0.5123003803438512,8.7,9
2026,SF,3,2,1,0,0.6667,72,48,24.0,16.0,8.0,,,,,,,,0.5123003803438512,0.5123003803438512,8.7,10
2026,TB,3,2,1,0,0.6667,40,50,13.33,16.67,-3.33,,,,,,,,0.5123003803438512,0.5123003803438512,8.7,11
2026,DET,3,2,1,0,0.6667,56,45,18.67,15.0,3.67,,,,,,,,0.5123003803438512,0.5123003803438512,8.7,12
2026,DAL,3,2,1,0,0.6667,75,47,25.0,15.67,9.33,,,,,,,,0.5123003803438512,0.5123003803438512,8.7,13
2026,TEN,3,2,1,0,0.6667,53,53,17.67,17.67,0.0,,,,,,,,0.5123003803438512,0.5123003803438512,8.7,14
2026,CHI,3,2,1,0,0.6667,67,52,22.33,17.33,5.0,,,,,,,,0.5123003803438512,0.5123003803438512,8.7,15
2026,DEN,3,2,1,0,0.6667,74,46,24.67,15.33,9.33,,,,,,,,0.5123003803438512,0.5123003803438512,8.7,16
2026,NE,3,1,1,1,0.5,50,71,16.67,23.67,-7.0,,,,,,,,0.5000427171054955,0.5000427171054955,8.5,17
2026,NYJ,3,1,2,0,0.3333,39,47,13.0,15.67,-2.67,,,,,,,,0.4877850538671397,0.4877850538671397,8.3,18
2026,LAC,3,1,2,0,0.3333,62,68,20.67,22.67,-2.0,,,,,,,,0.4877850538671397,0.4877850538671397,8.3,19
2026,PIT,3,1,2,0,0.3333,55,54,18.33,18.0,0.33,,,,,,,,0.4877850538671397,0.4877850538671397,8.3,20
2026,NO,3,1,2,0,0.3333,47,82,15.67,27.33,-11.67,,,,,,,,0.4877850538671397,0.4877850538671397,8.3,21
2026,WAS,3,1,2,0,0.3333,36,65,12.0,21.67,-9.67,,,,,,,,0.4877850538671397,0.4877850538671397,8.3,22
2026,MIN,3,1,2,0,0.3333,22,57,7.33,19.0,-11.67,,,,,,,,0.4877850538671397,0.4877850538671397,8.3,23
2026,LV,3,1,2,0,0.3333,48,65,16.0,21.67,-5.67,,,,,,,,0.4877850538671397,0.4877850538671397,8.3,24
2026,CLE,3,1,2,0,0.3333,54,78,18.0,26.0,-8.0,,,,,,,,0.4877850538671397,0.4877850538671397,8.3,25
2026,ARI,4,1,3,0,0.25,108,123,27.0,30.75,-3.75,,,,,,,,0.48165989881162063,0.48165989881162063,8.2,26
2026,KC,3,0,2,1,0.1667,36,45,12.0,15.0,-3.0,,,,,,,,0.47553474375610155,0.47553474375610155,8.1,27
2026,SEA,3,0,2,1,0.1667,32,45,10.67,15.0,-4.33,,,,,,,,0.47553474375610155,0.47553474375610155,8.1,28
2026,IND,3,0,2,1,0.1667,35,72,11.67,24.0,-12.33,,,,,,,,0.47553474375610155,0.47553474375610155,8.1,29
2026,MIA,3,0,3,0,0.0,22,63,7.33,21.0,-13.67,,,,,,,,0.4632770805177458,0.4632770805177458,7.9,30
2026,PHI,3,0,3,0,0.0,41,78,13.67,26.0,-12.33,,,,,,,,0.4632770805177458,0.4632770805177458,7.9,31
2026,HOU,3,0,3,0,0.0,40,65,13.33,21.67,-8.33,,,,,,,,0.4632770805177458,0.4632770805177458,7.9,32
