season,team,pre_games,pre_wins,pre_losses,pre_ties,pre_win_pct,pre_points_for,pre_points_against,pre_ppg,pre_pa_pg,pre_point_diff_pg
2000,ARI,4,1,3,0,0.25,75,93,18.75,23.25,-4.5
2000,ATL,5,4,1,0,0.8,116,86,23.2,17.2,6.0
2000,BAL,4,4,0,0,1.0,74,43,18.5,10.75,7.75
2000,BUF,4,3,1,0,0.75,81,74,20.25,18.5,1.75
2000,CAR,4,0,4,0,0.0,48,100,12.0,25.0,-13.0
2000,CHI,4,2,2,0,0.5,87,72,21.75,18.0,3.75
2000,CIN,4,1,3,0,0.25,73,93,18.25,23.25,-5.0
2000,CLE,4,1,3,0,0.25,72,99,18.0,24.75,-6.75
2000,DAL,5,0,5,0,0.0,79,139,15.8,27.8,-12.0
2000,DEN,4,4,0,0,1.0,121,84,30.25,21.0,9.25
2000,DET,4,2,2,0,0.5,63,62,15.75,15.5,0.25
2000,GB,4,2,2,0,0.5,105,100,26.25,25.0,1.25
2000,IND,5,3,2,0,0.6,102,101,20.4,20.2,0.2
2000,JAX,4,3,1,0,0.75,96,80,24.0,20.0,4.0
2000,KC,4,0,4,0,0.0,56,110,14.0,27.5,-13.5
2000,LAC,4,4,0,0,1.0,106,61,26.5,15.25,11.25
2000,LAR,4,2,2,0,0.5,85,95,21.25,23.75,-2.5
2000,LV,4,3,1,0,0.75,81,68,20.25,17.0,3.25
2000,MIA,4,3,1,0,0.75,64,57,16.0,14.25,1.75
2000,MIN,4,1,3,0,0.25,96,105,24.0,26.25,-2.25
2000,NE,5,3,2,0,0.6,103,92,20.6,18.4,2.2
2000,NO,4,1,3,0,0.25,62,87,15.5,21.75,-6.25
2000,NYG,4,0,4,0,0.0,62,87,15.5,21.75,-6.25
2000,NYJ,4,2,2,0,0.5,75,91,18.75,22.75,-4.0
2000,PHI,4,1,3,0,0.25,81,97,20.25,24.25,-4.0
2000,PIT,5,3,2,0,0.6,97,61,19.4,12.2,7.2
2000,SEA,4,2,2,0,0.5,56,78,14.0,19.5,-5.5
2000,SF,5,1,4,0,0.2,98,106,19.6,21.2,-1.6
2000,TB,4,3,1,0,0.75,94,62,23.5,15.5,8.0
2000,TEN,4,3,1,0,0.75,110,75,27.5,18.75,8.75
2000,WAS,4,3,1,0,0.75,83,43,20.75,10.75,10.0
2001,ARI,4,3,1,0,0.75,63,46,15.75,11.5,4.25
2001,ATL,4,3,1,0,0.75,99,40,24.75,10.0,14.75
2001,BAL,3,1,2,0,0.3333,58,45,19.33,15.0,4.33
2001,BUF,4,2,2,0,0.5,36,57,9.0,14.25,-5.25
2001,CAR,4,2,2,0,0.5,67,78,16.75,19.5,-2.75
2001,CHI,4,1,3,0,0.25,69,74,17.25,18.5,-1.25
2001,CIN,4,1,3,0,0.25,67,83,16.75,20.75,-4.0
2001,CLE,4,2,2,0,0.5,62,59,15.5,14.75,0.75
2001,DAL,5,1,4,0,0.2,63,95,12.6,19.0,-6.4
2001,DEN,4,3,1,0,0.75,93,59,23.25,14.75,8.5
2001,DET,4,1,3,0,0.25,83,101,20.75,25.25,-4.5
2001,GB,4,2,2,0,0.5,55,53,13.75,13.25,0.5
2001,IND,4,2,2,0,0.5,98,93,24.5,23.25,1.25
2001,JAX,4,2,2,0,0.5,68,93,17.0,23.25,-6.25
2001,KC,4,2,2,0,0.5,70,58,17.5,14.5,3.0
2001,LAC,4,2,2,0,0.5,54,70,13.5,17.5,-4.0
2001,LAR,5,4,1,0,0.8,82,63,16.4,12.6,3.8
2001,LV,5,4,1,0,0.8,93,60,18.6,12.0,6.6
2001,MIA,5,1,4,0,0.2,66,91,13.2,18.2,-5.0
2001,MIN,4,4,0,0,1.0,100,59,25.0,14.75,10.25
2001,NE,4,3,1,0,0.75,73,41,18.25,10.25,8.0
2001,NO,4,1,3,0,0.25,75,97,18.75,24.25,-5.5
2001,NYG,4,1,3,0,0.25,50,74,12.5,18.5,-6.0
2001,NYJ,4,2,2,0,0.5,55,50,13.75,12.5,1.25
2001,PHI,3,2,1,0,0.6667,36,32,12.0,10.67,1.33
2001,PIT,4,3,1,0,0.75,67,47,16.75,11.75,5.0
2001,SEA,4,2,2,0,0.5,90,76,22.5,19.0,3.5
2001,SF,4,1,3,0,0.25,69,105,17.25,26.25,-9.0
2001,TB,4,1,3,0,0.25,47,63,11.75,15.75,-4.0
2001,TEN,4,3,1,0,0.75,92,79,23.0,19.75,3.25
2001,WAS,4,1,3,0,0.25,46,105,11.5,26.25,-14.75
2002,ARI,4,1,3,0,0.25,61,96,15.25,24.0,-8.75
2002,ATL,4,4,0,0,1.0,107,70,26.75,17.5,9.25
2002,BAL,4,2,2,0,0.5,41,65,10.25,16.25,-6.0
2002,BUF,4,0,4,0,0.0,58,87,14.5,21.75,-7.25
2002,CAR,4,1,3,0,0.25,69,98,17.25,24.5,-7.25
2002,CHI,4,1,3,0,0.25,60,92,15.0,23.0,-8.0
2002,CIN,4,2,2,0,0.5,83,85,20.75,21.25,-0.5
2002,CLE,4,2,2,0,0.5,90,85,22.5,21.25,1.25
2002,DAL,4,3,1,0,0.75,86,68,21.5,17.0,4.5
2002,DEN,4,3,1,0,0.75,84,28,21.0,7.0,14.0
2002,DET,4,1,3,0,0.25,71,83,17.75,20.75,-3.0
2002,GB,4,3,1,0,0.75,90,81,22.5,20.25,2.25
2002,HOU,5,1,4,0,0.2,55,104,11.0,20.8,-9.8
2002,IND,4,2,2,0,0.5,78,64,19.5,16.0,3.5
2002,JAX,4,1,3,0,0.25,62,87,15.5,21.75,-6.25
2002,KC,4,3,1,0,0.75,73,56,18.25,14.0,4.25
2002,LAC,4,2,2,0,0.5,75,75,18.75,18.75,0.0
2002,LAR,4,0,4,0,0.0,69,101,17.25,25.25,-8.0
2002,LV,4,2,2,0,0.5,68,57,17.0,14.25,2.75
2002,MIA,4,2,2,0,0.5,65,63,16.25,15.75,0.5
2002,MIN,4,2,2,0,0.5,67,75,16.75,18.75,-2.0
2002,NE,4,3,1,0,0.75,86,54,21.5,13.5,8.0
2002,NO,4,3,1,0,0.75,90,64,22.5,16.0,6.5
2002,NYG,5,3,2,0,0.6,100,100,20.0,20.0,0.0
2002,NYJ,4,4,0,0,1.0,101,45,25.25,11.25,14.0
2002,PHI,4,1,3,0,0.25,63,65,15.75,16.25,-0.5
2002,PIT,4,2,2,0,0.5,91,87,22.75,21.75,1.0
2002,SEA,4,1,3,0,0.25,41,97,10.25,24.25,-14.0
2002,SF,5,2,3,0,0.4,70,82,14.0,16.4,-2.4
2002,TB,4,3,1,0,0.75,61,63,15.25,15.75,-0.5
2002,TEN,4,2,2,0,0.5,82,75,20.5,18.75,1.75
2002,WAS,5,4,1,0,0.8,164,109,32.8,21.8,11.0
2003,ARI,4,4,0,0,1.0,87,54,21.75,13.5,8.25
2003,ATL,4,0,4,0,0.0,61,90,15.25,22.5,-7.25
2003,BAL,4,1,3,0,0.25,59,84,14.75,21.0,-6.25
2003,BUF,4,3,1,0,0.75,94,96,23.5,24.0,-0.5
2003,CAR,4,4,0,0,1.0,81,31,20.25,7.75,12.5
2003,CHI,4,1,3,0,0.25,70,98,17.5,24.5,-7.0
2003,CIN,4,1,3,0,0.25,71,82,17.75,20.5,-2.75
2003,CLE,4,1,3,0,0.25,74,95,18.5,23.75,-5.25
2003,DAL,4,2,2,0,0.5,100,47,25.0,11.75,13.25
2003,DEN,4,3,1,0,0.75,78,53,19.5,13.25,6.25
2003,DET,4,2,2,0,0.5,90,75,22.5,18.75,3.75
2003,GB,5,2,3,0,0.4,75,108,15.0,21.6,-6.6
2003,HOU,4,0,4,0,0.0,38,107,9.5,26.75,-17.25
2003,IND,4,3,1,0,0.75,88,70,22.0,17.5,4.5
2003,JAX,4,3,1,0,0.75,66,62,16.5,15.5,1.0
2003,KC,5,3,2,0,0.6,94,88,18.8,17.6,1.2
2003,LAC,4,2,2,0,0.5,60,56,15.0,14.0,1.0
2003,LAR,4,1,3,0,0.25,62,73,15.5,18.25,-2.75
2003,LV,4,1,3,0,0.25,36,93,9.0,23.25,-14.25
2003,MIA,4,2,2,0,0.5,96,78,24.0,19.5,4.5
2003,MIN,4,1,3,0,0.25,78,79,19.5,19.75,-0.25
2003,NE,4,4,0,0,1.0,108,54,27.0,13.5,13.5
2003,NO,4,1,3,0,0.25,61,95,15.25,23.75,-8.5
2003,NYG,4,1,3,0,0.25,60,85,15.0,21.25,-6.25
2003,NYJ,5,3,2,0,0.6,91,88,18.2,17.6,0.6
2003,PHI,4,2,2,0,0.5,69,74,17.25,18.5,-1.25
2003,PIT,4,1,3,0,0.25,58,82,14.5,20.5,-6.0
2003,SEA,4,2,2,0,0.5,72,79,18.0,19.75,-1.75
2003,SF,4,3,1,0,0.75,68,52,17.0,13.0,4.0
2003,TB,5,4,1,0,0.8,110,68,22.0,13.6,8.4
2003,TEN,4,4,0,0,1.0,97,48,24.25,12.0,12.25
2003,WAS,4,1,3,0,0.25,52,60,13.0,15.0,-2.0
2004,ARI,4,1,3,0,0.25,68,99,17.0,24.75,-7.75
2004,ATL,4,2,2,0,0.5,64,85,16.0,21.25,-5.25
2004,BAL,4,3,1,0,0.75,85,49,21.25,12.25,9.0
2004,BUF,4,1,3,0,0.25,65,72,16.25,18.0,-1.75
2004,CAR,4,4,0,0,1.0,86,70,21.5,17.5,4.0
2004,CHI,4,2,2,0,0.5,56,64,14.0,16.0,-2.0
2004,CIN,4,2,2,0,0.5,63,73,15.75,18.25,-2.5
2004,CLE,4,3,1,0,0.75,65,63,16.25,15.75,0.5
2004,DAL,4,3,1,0,0.75,65,75,16.25,18.75,-2.5
2004,DEN,5,2,3,0,0.4,94,89,18.8,17.8,1.0
2004,DET,4,2,2,0,0.5,63,72,15.75,18.0,-2.25
2004,GB,4,1,3,0,0.25,36,71,9.0,17.75,-8.75
2004,HOU,4,1,3,0,0.25,47,86,11.75,21.5,-9.75
2004,IND,4,2,2,0,0.5,71,81,17.75,20.25,-2.5
2004,JAX,4,3,1,0,0.75,59,29,14.75,7.25,7.5
2004,KC,4,1,3,0,0.25,87,86,21.75,21.5,0.25
2004,LAC,4,2,2,0,0.5,106,75,26.5,18.75,7.75
2004,LAR,4,1,3,0,0.25,69,68,17.25,17.0,0.25
2004,LV,4,3,1,0,0.75,98,91,24.5,22.75,1.75
2004,MIA,4,2,2,0,0.5,46,58,11.5,14.5,-3.0
2004,MIN,4,2,2,0,0.5,91,66,22.75,16.5,6.25
2004,NE,4,1,3,0,0.25,44,88,11.0,22.0,-11.0
2004,NO,4,2,2,0,0.5,73,65,18.25,16.25,2.0
2004,NYG,4,1,3,0,0.25,81,95,20.25,23.75,-3.5
2004,NYJ,4,3,1,0,0.75,89,67,22.25,16.75,5.5
2004,PHI,4,1,3,0,0.25,80,96,20.0,24.0,-4.0
2004,PIT,4,2,2,0,0.5,99,67,24.75,16.75,8.0
2004,SEA,4,3,1,0,0.75,73,63,18.25,15.75,2.5
2004,SF,4,0,4,0,0.0,68,107,17.0,26.75,-9.75
2004,TB,4,3,1,0,0.75,60,39,15.0,9.75,5.25
2004,TEN,4,3,1,0,0.75,84,45,21.0,11.25,9.75
2004,WAS,5,3,2,0,0.6,87,68,17.4,13.6,3.8
2005,ARI,4,3,1,0,0.75,75,74,18.75,18.5,0.25
2005,ATL,5,4,1,0,0.8,107,72,21.4,14.4,7.0
2005,BAL,4,2,2,0,0.5,64,62,16.0,15.5,0.5
2005,BUF,4,2,2,0,0.5,63,54,15.75,13.5,2.25
2005,CAR,4,2,2,0,0.5,89,78,22.25,19.5,2.75
2005,CHI,5,3,2,0,0.6,86,86,17.2,17.2,0.0
2005,CIN,4,2,2,0,0.5,92,67,23.0,16.75,6.25
2005,CLE,4,3,1,0,0.75,74,56,18.5,14.0,4.5
2005,DAL,4,3,1,0,0.75,77,52,19.25,13.0,6.25
2005,DEN,4,4,0,0,1.0,113,80,28.25,20.0,8.25
2005,DET,4,1,3,0,0.25,50,75,12.5,18.75,-6.25
2005,GB,4,2,2,0,0.5,41,78,10.25,19.5,-9.25
2005,HOU,4,1,3,0,0.25,56,96,14.0,24.0,-10.0
2005,IND,5,0,5,0,0.0,72,143,14.4,28.6,-14.2
2005,JAX,4,2,2,0,0.5,74,84,18.5,21.0,-2.5
2005,KC,4,0,4,0,0.0,73,101,18.25,25.25,-7.0
2005,LAC,4,2,2,0,0.5,87,74,21.75,18.5,3.25
2005,LAR,4,3,1,0,0.75,102,85,25.5,21.25,4.25
2005,LV,4,1,3,0,0.25,59,63,14.75,15.75,-1.0
2005,MIA,5,1,4,0,0.2,78,105,15.6,21.0,-5.4
2005,MIN,4,3,1,0,0.75,90,81,22.5,20.25,2.25
2005,NE,4,2,2,0,0.5,80,80,20.0,20.0,0.0
2005,NO,4,1,3,0,0.25,64,95,16.0,23.75,-7.75
2005,NYG,4,3,1,0,0.75,83,55,20.75,13.75,7.0
2005,NYJ,4,3,1,0,0.75,89,53,22.25,13.25,9.0
2005,PHI,4,2,2,0,0.5,92,106,23.0,26.5,-3.5
2005,PIT,4,3,1,0,0.75,86,68,21.5,17.0,4.5
2005,SEA,4,2,2,0,0.5,88,73,22.0,18.25,3.75
2005,SF,4,2,2,0,0.5,82,80,20.5,20.0,0.5
2005,TB,4,2,2,0,0.5,89,68,22.25,17.0,5.25
2005,TEN,4,1,3,0,0.25,71,78,17.75,19.5,-1.75
2005,WAS,4,1,3,0,0.25,64,88,16.0,22.0,-6.0
2006,ARI,4,2,2,0,0.5,70,88,17.5,22.0,-4.5
2006,ATL,4,2,2,0,0.5,73,87,18.25,21.75,-3.5
2006,BAL,4,2,2,0,0.5,60,67,15.0,16.75,-1.75
2006,BUF,4,1,3,0,0.25,81,91,20.25,22.75,-2.5
2006,CAR,4,4,0,0,1.0,65,46,16.25,11.5,4.75
2006,CHI,4,2,2,0,0.5,74,61,18.5,15.25,3.25
2006,CIN,4,4,0,0,1.0,131,54,32.75,13.5,19.25
2006,CLE,4,2,2,0,0.5,54,73,13.5,18.25,-4.75
2006,DAL,4,3,0,1,0.875,70,27,17.5,6.75,10.75
2006,DEN,4,3,1,0,0.75,94,67,23.5,16.75,6.75
2006,DET,4,1,3,0,0.25,52,74,13.0,18.5,-5.5
2006,GB,4,1,3,0,0.25,79,110,19.75,27.5,-7.75
2006,HOU,4,3,1,0,0.75,81,64,20.25,16.0,4.25
2006,IND,4,1,3,0,0.25,64,83,16.0,20.75,-4.75
2006,JAX,4,3,1,0,0.75,90,78,22.5,19.5,3.0
2006,KC,4,2,2,0,0.5,40,62,10.0,15.5,-5.5
2006,LAC,4,2,2,0,0.5,65,70,16.25,17.5,-1.25
2006,LAR,4,1,3,0,0.25,60,89,15.0,22.25,-7.25
2006,LV,5,4,1,0,0.8,83,63,16.6,12.6,4.0
2006,MIA,4,2,2,0,0.5,78,69,19.5,17.25,2.25
2006,MIN,4,2,1,1,0.625,70,43,17.5,10.75,6.75
2006,NE,4,2,2,0,0.5,117,60,29.25,15.0,14.25
2006,NO,4,1,3,0,0.25,49,83,12.25,20.75,-8.5
2006,NYG,4,4,0,0,1.0,78,46,19.5,11.5,8.0
2006,NYJ,4,2,2,0,0.5,57,60,14.25,15.0,-0.75
2006,PHI,5,2,3,0,0.4,73,70,14.6,14.0,0.6
2006,PIT,4,0,4,0,0.0,43,69,10.75,17.25,-6.5
2006,SEA,4,2,2,0,0.5,83,68,20.75,17.0,3.75
2006,SF,4,2,2,0,0.5,65,68,16.25,17.0,-0.75
2006,TB,4,1,3,0,0.25,57,61,14.25,15.25,-1.0
2006,TEN,4,1,3,0,0.25,67,95,16.75,23.75,-7.0
2006,WAS,4,0,4,0,0.0,27,104,6.75,26.0,-19.25
2007,ARI,4,0,4,0,0.0,77,114,19.25,28.5,-9.25
2007,ATL,4,3,1,0,0.75,66,70,16.5,17.5,-1.0
2007,BAL,4,1,3,0,0.25,58,42,14.5,10.5,4.0
2007,BUF,4,2,2,0,0.5,56,64,14.0,16.0,-2.0
2007,CAR,4,1,3,0,0.25,44,91,11.0,22.75,-11.75
2007,CHI,4,3,1,0,0.75,87,90,21.75,22.5,-0.75
2007,CIN,4,1,3,0,0.25,78,84,19.5,21.0,-1.5
2007,CLE,4,3,1,0,0.75,72,60,18.0,15.0,3.0
2007,DAL,4,2,2,0,0.5,84,81,21.0,20.25,0.75
2007,DEN,4,2,2,0,0.5,74,64,18.5,16.0,2.5
2007,DET,4,2,2,0,0.5,73,99,18.25,24.75,-6.5
2007,GB,4,2,2,0,0.5,88,73,22.0,18.25,3.75
2007,HOU,4,2,2,0,0.5,104,87,26.0,21.75,4.25
2007,IND,4,1,3,0,0.25,77,74,19.25,18.5,0.75
2007,JAX,4,3,1,0,0.75,100,64,25.0,16.0,9.0
2007,KC,4,0,4,0,0.0,32,67,8.0,16.75,-8.75
2007,LAC,4,3,1,0,0.75,95,81,23.75,20.25,3.5
2007,LAR,4,2,2,0,0.5,46,63,11.5,15.75,-4.25
2007,LV,4,2,2,0,0.5,82,78,20.5,19.5,1.0
2007,MIA,4,2,2,0,0.5,57,65,14.25,16.25,-2.0
2007,MIN,4,2,2,0,0.5,83,77,20.75,19.25,1.5
2007,NE,4,2,2,0,0.5,85,67,21.25,16.75,4.5
2007,NO,5,3,2,0,0.6,81,59,16.2,11.8,4.4
2007,NYG,4,1,3,0,0.25,66,83,16.5,20.75,-4.25
2007,NYJ,4,3,1,0,0.75,84,76,21.0,19.0,2.0
2007,PHI,4,1,3,0,0.25,54,79,13.5,19.75,-6.25
2007,PIT,5,4,1,0,0.8,87,46,17.4,9.2,8.2
2007,SEA,4,3,1,0,0.75,86,91,21.5,22.75,-1.25
2007,SF,4,1,3,0,0.25,80,85,20.0,21.25,-1.25
2007,TB,4,3,1,0,0.75,94,93,23.5,23.25,0.25
2007,TEN,4,3,1,0,0.75,91,69,22.75,17.25,5.5
2007,WAS,4,2,2,0,0.5,51,56,12.75,14.0,-1.25
2008,ARI,4,2,2,0,0.5,75,69,18.75,17.25,1.5
2008,ATL,4,2,2,0,0.5,53,48,13.25,12.0,1.25
2008,BAL,4,1,3,0,0.25,50,72,12.5,18.0,-5.5
2008,BUF,4,2,2,0,0.5,64,59,16.0,14.75,1.25
2008,CAR,4,2,2,0,0.5,99,66,24.75,16.5,8.25
2008,CHI,4,1,3,0,0.25,92,100,23.0,25.0,-2.0
2008,CIN,4,2,2,0,0.5,57,64,14.25,16.0,-1.75
2008,CLE,4,0,4,0,0.0,70,103,17.5,25.75,-8.25
2008,DAL,4,2,2,0,0.5,69,86,17.25,21.5,-4.25
2008,DEN,4,2,2,0,0.5,91,73,22.75,18.25,4.5
2008,DET,4,4,0,0,1.0,80,32,20.0,8.0,12.0
2008,GB,4,1,3,0,0.25,71,101,17.75,25.25,-7.5
2008,HOU,4,2,2,0,0.5,78,82,19.5,20.5,-1.0
2008,IND,5,1,4,0,0.2,66,109,13.2,21.8,-8.6
2008,JAX,4,3,1,0,0.75,81,56,20.25,14.0,6.25
2008,KC,4,2,2,0,0.5,62,88,15.5,22.0,-6.5
2008,LAC,4,3,1,0,0.75,75,58,18.75,14.5,4.25
2008,LAR,4,2,2,0,0.5,61,71,15.25,17.75,-2.5
2008,LV,4,1,3,0,0.25,50,70,12.5,17.5,-5.0
2008,MIA,4,3,1,0,0.75,63,41,15.75,10.25,5.5
2008,MIN,4,1,3,0,0.25,60,77,15.0,19.25,-4.25
2008,NE,4,0,4,0,0.0,56,89,14.0,22.25,-8.25
2008,NO,4,2,2,0,0.5,74,55,18.5,13.75,4.75
2008,NYG,4,2,2,0,0.5,73,71,18.25,17.75,0.5
2008,NYJ,4,3,1,0,0.75,71,60,17.75,15.0,2.75
2008,PHI,4,2,2,0,0.5,81,73,20.25,18.25,2.0
2008,PIT,4,3,1,0,0.75,68,60,17.0,15.0,2.0
2008,SEA,4,3,1,0,0.75,103,77,25.75,19.25,6.5
2008,SF,4,2,2,0,0.5,94,74,23.5,18.5,5.0
2008,TB,4,3,1,0,0.75,77,45,19.25,11.25,8.0
2008,TEN,4,3,1,0,0.75,77,67,19.25,16.75,2.5
2008,WAS,5,3,2,0,0.6,66,111,13.2,22.2,-9.0
2009,ARI,4,0,4,0,0.0,53,100,13.25,25.0,-11.75
2009,ATL,4,2,2,0,0.5,76,84,19.0,21.0,-2.0
2009,BAL,4,4,0,0,1.0,84,39,21.0,9.75,11.25
2009,BUF,5,1,4,0,0.2,72,106,14.4,21.2,-6.8
2009,CAR,4,0,4,0,0.0,57,89,14.25,22.25,-8.0
2009,CHI,4,3,1,0,0.75,90,70,22.5,17.5,5.0
2009,CIN,4,2,2,0,0.5,73,54,18.25,13.5,4.75
2009,CLE,4,2,2,0,0.5,73,70,18.25,17.5,0.75
2009,DAL,4,2,2,0,0.5,88,92,22.0,23.0,-1.0
2009,DEN,4,1,3,0,0.25,65,71,16.25,17.75,-1.5
2009,DET,4,3,1,0,0.75,72,76,18.0,19.0,-1.0
2009,GB,4,3,1,0,0.75,105,85,26.25,21.25,5.0
2009,HOU,4,2,2,0,0.5,67,85,16.75,21.25,-4.5
2009,IND,4,1,3,0,0.25,50,84,12.5,21.0,-8.5
2009,JAX,4,1,3,0,0.25,88,86,22.0,21.5,0.5
2009,KC,4,0,4,0,0.0,42,64,10.5,16.0,-5.5
2009,LAC,4,2,2,0,0.5,81,60,20.25,15.0,5.25
2009,LAR,4,3,1,0,0.75,77,70,19.25,17.5,1.75
2009,LV,4,1,3,0,0.25,79,107,19.75,26.75,-7.0
2009,MIA,4,4,0,0,1.0,59,39,14.75,9.75,5.0
2009,MIN,4,3,1,0,0.75,78,61,19.5,15.25,4.25
2009,NE,4,3,1,0,0.75,98,83,24.5,20.75,3.75
2009,NO,4,3,1,0,0.75,107,38,26.75,9.5,17.25
2009,NYG,4,1,3,0,0.25,79,99,19.75,24.75,-5.0
2009,NYJ,4,2,2,0,0.5,108,99,27.0,24.75,2.25
2009,PHI,4,1,3,0,0.25,100,120,25.0,30.0,-5.0
2009,PIT,4,3,1,0,0.75,71,37,17.75,9.25,8.5
2009,SEA,4,4,0,0,1.0,92,58,23.0,14.5,8.5
2009,SF,4,3,1,0,0.75,65,75,16.25,18.75,-2.5
2009,TB,4,1,3,0,0.25,70,87,17.5,21.75,-4.25
2009,TEN,5,3,2,0,0.6,102,104,20.4,20.8,-0.4
2009,WAS,4,1,3,0,0.25,58,87,14.5,21.75,-7.25
2010,ARI,4,3,1,0,0.75,63,59,15.75,14.75,1.0
2010,ATL,4,2,2,0,0.5,55,57,13.75,14.25,-0.5
2010,BAL,4,3,1,0,0.75,85,52,21.25,13.0,8.25
2010,BUF,4,2,2,0,0.5,109,111,27.25,27.75,-0.5
2010,CAR,4,1,3,0,0.25,33,52,8.25,13.0,-4.75
2010,CHI,4,0,4,0,0.0,46,84,11.5,21.0,-9.5
2010,CIN,5,3,2,0,0.6,112,112,22.4,22.4,0.0
2010,CLE,4,2,2,0,0.5,84,88,21.0,22.0,-1.0
2010,DAL,5,3,2,0,0.6,75,86,15.0,17.2,-2.2
2010,DEN,4,1,3,0,0.25,102,106,25.5,26.5,-1.0
2010,DET,4,3,1,0,0.75,95,93,23.75,23.25,0.5
2010,GB,4,2,2,0,0.5,123,92,30.75,23.0,7.75
2010,HOU,4,1,3,0,0.25,76,88,19.0,22.0,-3.0
2010,IND,4,0,4,0,0.0,90,160,22.5,40.0,-17.5
2010,JAX,4,2,2,0,0.5,85,77,21.25,19.25,2.0
2010,KC,4,1,3,0,0.25,59,73,14.75,18.25,-3.5
2010,LAC,4,1,3,0,0.25,74,79,18.5,19.75,-1.25
2010,LAR,4,3,1,0,0.75,89,101,22.25,25.25,-3.0
2010,LV,4,3,1,0,0.75,100,78,25.0,19.5,5.5
2010,MIA,4,2,2,0,0.5,68,76,17.0,19.0,-2.0
2010,MIN,4,3,1,0,0.75,93,59,23.25,14.75,8.5
2010,NE,4,2,2,0,0.5,107,90,26.75,22.5,4.25
2010,NO,4,2,2,0,0.5,122,95,30.5,23.75,6.75
2010,NYG,4,2,2,0,0.5,78,81,19.5,20.25,-0.75
2010,NYJ,4,2,2,0,0.5,57,67,14.25,16.75,-2.5
2010,PHI,4,2,2,0,0.5,74,87,18.5,21.75,-3.25
2010,PIT,4,3,1,0,0.75,83,61,20.75,15.25,5.5
2010,SEA,4,1,3,0,0.25,81,96,20.25,24.0,-3.75
2010,SF,4,4,0,0,1.0,97,65,24.25,16.25,8.0
2010,TB,4,2,2,0,0.5,64,61,16.0,15.25,0.75
2010,TEN,4,2,2,0,0.5,76,69,19.0,17.25,1.75
2010,WAS,4,2,2,0,0.5,71,71,17.75,17.75,0.0
2011,ARI,4,2,2,0,0.5,101,87,25.25,21.75,3.5
2011,ATL,4,0,4,0,0.0,59,98,14.75,24.5,-9.75
2011,BAL,4,3,1,0,0.75,92,64,23.0,16.0,7.0
2011,BUF,4,1,3,0,0.25,54,82,13.5,20.5,-7.0
2011,CAR,4,1,3,0,0.25,60,87,15.0,21.75,-6.75
2011,CHI,4,2,2,0,0.5,60,72,15.0,18.0,-3.0
2011,CIN,4,1,3,0,0.25,47,91,11.75,22.75,-11.0
2011,CLE,4,1,3,0,0.25,83,95,20.75,23.75,-3.0
2011,DAL,4,2,2,0,0.5,57,77,14.25,19.25,-5.0
2011,DEN,4,2,2,0,0.5,77,80,19.25,20.0,-0.75
2011,DET,4,4,0,0,1.0,114,47,28.5,11.75,16.75
2011,GB,4,3,1,0,0.75,89,87,22.25,21.75,0.5
2011,HOU,4,3,1,0,0.75,77,65,19.25,16.25,3.0
2011,IND,4,1,3,0,0.25,51,86,12.75,21.5,-8.75
2011,JAX,4,1,3,0,0.25,76,119,19.0,29.75,-10.75
2011,KC,4,0,4,0,0.0,42,90,10.5,22.5,-12.0
2011,LAC,4,2,2,0,0.5,88,82,22.0,20.5,1.5
2011,LAR,4,4,0,0,1.0,88,53,22.0,13.25,8.75
2011,LV,4,0,4,0,0.0,44,101,11.0,25.25,-14.25
2011,MIA,4,3,1,0,0.75,78,53,19.5,13.25,6.25
2011,MIN,4,2,2,0,0.5,68,44,17.0,11.0,6.0
2011,NE,4,2,2,0,0.5,105,78,26.25,19.5,6.75
2011,NO,4,2,2,0,0.5,87,82,21.75,20.5,1.25
2011,NYG,4,2,2,0,0.5,72,67,18.0,16.75,1.25
2011,NYJ,4,2,2,0,0.5,74,54,18.5,13.5,5.0
2011,PHI,4,3,1,0,0.75,75,58,18.75,14.5,4.25
2011,PIT,4,3,1,0,0.75,98,63,24.5,15.75,8.75
2011,SEA,4,2,2,0,0.5,71,63,17.75,15.75,2.0
2011,SF,4,2,2,0,0.5,47,74,11.75,18.5,-6.75
2011,TB,4,2,2,0,0.5,80,73,20.0,18.25,1.75
2011,TEN,4,3,1,0,0.75,76,42,19.0,10.5,8.5
2011,WAS,4,3,1,0,0.75,92,68,23.0,17.0,6.0
2012,ARI,5,1,4,0,0.2,98,119,19.6,23.8,-4.2
2012,ATL,4,1,3,0,0.25,73,85,18.25,21.25,-3.0
2012,BAL,4,2,2,0,0.5,108,92,27.0,23.0,4.0
2012,BUF,4,0,4,0,0.0,59,119,14.75,29.75,-15.0
2012,CAR,4,2,2,0,0.5,69,72,17.25,18.0,-0.75
2012,CHI,4,3,1,0,0.75,84,99,21.0,24.75,-3.75
2012,CIN,4,2,2,0,0.5,70,72,17.5,18.0,-0.5
2012,CLE,4,2,2,0,0.5,84,82,21.0,20.5,0.5
2012,DAL,4,3,1,0,0.75,73,60,18.25,15.0,3.25
2012,DEN,4,2,2,0,0.5,81,75,20.25,18.75,1.5
2012,DET,4,2,2,0,0.5,102,94,25.5,23.5,2.0
2012,GB,4,2,2,0,0.5,74,72,18.5,18.0,0.5
2012,HOU,4,3,1,0,0.75,101,80,25.25,20.0,5.25
2012,IND,4,2,2,0,0.5,99,75,24.75,18.75,6.0
2012,JAX,4,3,1,0,0.75,100,117,25.0,29.25,-4.25
2012,KC,4,1,3,0,0.25,61,116,15.25,29.0,-13.75
2012,LAC,4,3,1,0,0.75,64,78,16.0,19.5,-3.5
2012,LAR,4,2,2,0,0.5,84,92,21.0,23.0,-2.0
2012,LV,4,1,3,0,0.25,61,75,15.25,18.75,-3.5
2012,MIA,4,0,4,0,0.0,43,96,10.75,24.0,-13.25
2012,MIN,4,1,3,0,0.25,76,71,19.0,17.75,1.25
2012,NE,4,1,3,0,0.25,55,69,13.75,17.25,-3.5
2012,NO,5,2,3,0,0.4,87,81,17.4,16.2,1.2
2012,NYG,4,2,2,0,0.5,80,58,20.0,14.5,5.5
2012,NYJ,4,0,4,0,0.0,31,88,7.75,22.0,-14.25
2012,PHI,4,4,0,0,1.0,106,60,26.5,15.0,11.5
2012,PIT,4,3,1,0,0.75,104,71,26.0,17.75,8.25
2012,SEA,4,4,0,0,1.0,122,44,30.5,11.0,19.5
2012,SF,4,3,1,0,0.75,90,53,22.5,13.25,9.25
2012,TB,4,2,2,0,0.5,60,95,15.0,23.75,-8.75
2012,TEN,4,3,1,0,0.75,89,67,22.25,16.75,5.5
2012,WAS,4,3,1,0,0.75,98,59,24.5,14.75,9.75
2013,ARI,4,3,1,0,0.75,68,55,17.0,13.75,3.25
2013,ATL,4,0,4,0,0.0,65,108,16.25,27.0,-10.75
2013,BAL,4,2,2,0,0.5,119,97,29.75,24.25,5.5
2013,BUF,4,2,2,0,0.5,84,101,21.0,25.25,-4.25
2013,CAR,4,3,1,0,0.75,92,68,23.0,17.0,6.0
2013,CHI,4,2,2,0,0.5,100,96,25.0,24.0,1.0
2013,CIN,4,3,1,0,0.75,106,63,26.5,15.75,10.75
2013,CLE,4,3,1,0,0.75,75,68,18.75,17.0,1.75
2013,DAL,5,2,3,0,0.4,78,93,15.6,18.6,-3.0
2013,DEN,4,2,2,0,0.5,71,104,17.75,26.0,-8.25
2013,DET,4,3,1,0,0.75,107,63,26.75,15.75,11.0
2013,GB,4,1,3,0,0.25,37,71,9.25,17.75,-8.5
2013,HOU,4,3,1,0,0.75,98,67,24.5,16.75,7.75
2013,IND,4,2,2,0,0.5,77,89,19.25,22.25,-3.0
2013,JAX,4,1,3,0,0.25,60,111,15.0,27.75,-12.75
2013,KC,4,2,2,0,0.5,82,60,20.5,15.0,5.5
2013,LAC,4,1,3,0,0.25,68,112,17.0,28.0,-11.0
2013,LAR,4,1,3,0,0.25,76,94,19.0,23.5,-4.5
2013,LV,4,1,3,0,0.25,71,101,17.75,25.25,-7.5
2013,MIA,5,2,3,0,0.4,104,89,20.8,17.8,3.0
2013,MIN,4,1,3,0,0.25,67,104,16.75,26.0,-9.25
2013,NE,4,3,1,0,0.75,93,103,23.25,25.75,-2.5
2013,NO,4,3,1,0,0.75,97,80,24.25,20.0,4.25
2013,NYG,4,1,3,0,0.25,71,85,17.75,21.25,-3.5
2013,NYJ,4,3,1,0,0.75,105,80,26.25,20.0,6.25
2013,PHI,4,2,2,0,0.5,87,91,21.75,22.75,-1.0
2013,PIT,4,0,4,0,0.0,56,93,14.0,23.25,-9.25
2013,SEA,4,4,0,0,1.0,110,36,27.5,9.0,18.5
2013,SF,4,3,1,0,0.75,96,43,24.0,10.75,13.25
2013,TB,4,1,3,0,0.25,66,115,16.5,28.75,-12.25
2013,TEN,4,1,3,0,0.25,90,89,22.5,22.25,0.25
2013,WAS,4,4,0,0,1.0,106,53,26.5,13.25,13.25
2014,ARI,4,1,3,0,0.25,82,61,20.5,15.25,5.25
2014,ATL,4,2,2,0,0.5,64,80,16.0,20.0,-4.0
2014,BAL,4,4,0,0,1.0,105,63,26.25,15.75,10.5
2014,BUF,5,1,4,0,0.2,63,104,12.6,20.8,-8.2
2014,CAR,4,2,2,0,0.5,63,66,15.75,16.5,-0.75
2014,CHI,4,2,2,0,0.5,73,114,18.25,28.5,-10.25
2014,CIN,4,2,2,0,0.5,110,86,27.5,21.5,6.0
2014,CLE,4,1,3,0,0.25,82,83,20.5,20.75,-0.25
2014,DAL,4,0,4,0,0.0,60,116,15.0,29.0,-14.0
2014,DEN,4,3,1,0,0.75,99,37,24.75,9.25,15.5
2014,DET,4,3,1,0,0.75,75,51,18.75,12.75,6.0
2014,GB,4,3,1,0,0.75,102,62,25.5,15.5,10.0
2014,HOU,4,2,2,0,0.5,63,96,15.75,24.0,-8.25
2014,IND,4,0,4,0,0.0,60,98,15.0,24.5,-9.5
2014,JAX,4,1,3,0,0.25,61,67,15.25,16.75,-1.5
2014,KC,4,1,3,0,0.25,83,131,20.75,32.75,-12.0
2014,LAC,4,2,2,0,0.5,60,78,15.0,19.5,-4.5
2014,LAR,4,1,3,0,0.25,77,75,19.25,18.75,0.5
2014,LV,4,2,2,0,0.5,95,98,23.75,24.5,-0.75
2014,MIA,4,3,1,0,0.75,69,63,17.25,15.75,1.5
2014,MIN,4,4,0,0,1.0,89,49,22.25,12.25,10.0
2014,NE,4,2,2,0,0.5,91,81,22.75,20.25,2.5
2014,NO,4,3,1,0,0.75,93,87,23.25,21.75,1.5
2014,NYG,5,5,0,0,1.0,115,92,23.0,18.4,4.6
2014,NYJ,4,2,2,0,0.5,69,99,17.25,24.75,-7.5
2014,PHI,4,2,2,0,0.5,131,104,32.75,26.0,6.75
2014,PIT,4,1,3,0,0.25,56,77,14.0,19.25,-5.25
2014,SEA,4,2,2,0,0.5,122,82,30.5,20.5,10.0
2014,SF,4,2,2,0,0.5,64,77,16.0,19.25,-3.25
2014,TB,4,1,3,0,0.25,61,74,15.25,18.5,-3.25
2014,TEN,4,2,2,0,0.5,71,83,17.75,20.75,-3.0
2014,WAS,4,3,1,0,0.75,88,62,22.0,15.5,6.5
2015,ARI,4,2,2,0,0.5,90,99,22.5,24.75,-2.25
2015,ATL,4,2,2,0,0.5,82,86,20.5,21.5,-1.0
2015,BAL,4,1,3,0,0.25,79,118,19.75,29.5,-9.75
2015,BUF,4,2,2,0,0.5,88,71,22.0,17.75,4.25
2015,CAR,4,3,1,0,0.75,95,77,23.75,19.25,4.5
2015,CHI,4,3,1,0,0.75,84,42,21.0,10.5,10.5
2015,CIN,4,3,1,0,0.75,64,51,16.0,12.75,3.25
2015,CLE,4,1,3,0,0.25,58,62,14.5,15.5,-1.0
2015,DAL,4,1,3,0,0.25,48,82,12.0,20.5,-8.5
2015,DEN,4,3,1,0,0.75,75,64,18.75,16.0,2.75
2015,DET,4,3,1,0,0.75,79,51,19.75,12.75,7.0
2015,GB,4,2,2,0,0.5,105,84,26.25,21.0,5.25
2015,HOU,4,2,2,0,0.5,74,58,18.5,14.5,4.0
2015,IND,4,1,3,0,0.25,51,82,12.75,20.5,-7.75
2015,JAX,4,2,2,0,0.5,69,81,17.25,20.25,-3.0
2015,KC,4,4,0,0,1.0,106,59,26.5,14.75,11.75
2015,LAC,4,2,2,0,0.5,66,56,16.5,14.0,2.5
2015,LAR,4,0,4,0,0.0,48,93,12.0,23.25,-11.25
2015,LV,4,1,3,0,0.25,74,84,18.5,21.0,-2.5
2015,MIA,4,1,3,0,0.25,70,89,17.5,22.25,-4.75
2015,MIN,5,4,1,0,0.8,105,69,21.0,13.8,7.2
2015,NE,4,2,2,0,0.5,63,74,15.75,18.5,-2.75
2015,NO,4,0,4,0,0.0,74,121,18.5,30.25,-11.75
2015,NYG,4,2,2,0,0.5,62,72,15.5,18.0,-2.5
2015,NYJ,4,3,1,0,0.75,85,81,21.25,20.25,1.0
2015,PHI,4,3,1,0,0.75,133,77,33.25,19.25,14.0
2015,PIT,5,1,4,0,0.2,73,122,14.6,24.4,-9.8
2015,SEA,4,2,2,0,0.5,80,72,20.0,18.0,2.0
2015,SF,4,2,2,0,0.5,59,60,14.75,15.0,-0.25
2015,TB,4,2,2,0,0.5,70,85,17.5,21.25,-3.75
2015,TEN,4,2,2,0,0.5,85,96,21.25,24.0,-2.75
2015,WAS,4,3,1,0,0.75,88,64,22.0,16.0,6.0
2016,ARI,4,1,3,0,0.25,75,101,18.75,25.25,-6.5
2016,ATL,4,3,1,0,0.75,70,62,17.5,15.5,2.0
2016,BAL,4,4,0,0,1.0,94,60,23.5,15.0,8.5
2016,BUF,4,1,3,0,0.25,55,71,13.75,17.75,-4.0
2016,CAR,4,2,2,0,0.5,80,63,20.0,15.75,4.25
2016,CHI,4,1,3,0,0.25,50,75,12.5,18.75,-6.25
2016,CIN,4,1,3,0,0.25,77,70,19.25,17.5,1.75
2016,CLE,4,0,4,0,0.0,44,92,11.0,23.0,-12.0
2016,DAL,4,1,3,0,0.25,99,97,24.75,24.25,0.5
2016,DEN,4,2,2,0,0.5,80,78,20.0,19.5,0.5
2016,DET,4,2,2,0,0.5,84,77,21.0,19.25,1.75
2016,GB,4,3,1,0,0.75,65,50,16.25,12.5,3.75
2016,HOU,4,4,0,0,1.0,102,63,25.5,15.75,9.75
2016,IND,4,2,2,0,0.5,73,80,18.25,20.0,-1.75
2016,JAX,4,1,3,0,0.25,75,82,18.75,20.5,-1.75
2016,KC,4,2,2,0,0.5,76,52,19.0,13.0,6.0
2016,LAC,4,1,3,0,0.25,60,84,15.0,21.0,-6.0
2016,LAR,4,2,2,0,0.5,83,88,20.75,22.0,-1.25
2016,LV,4,1,3,0,0.25,78,80,19.5,20.0,-0.5
2016,MIA,4,2,2,0,0.5,68,78,17.0,19.5,-2.5
2016,MIN,4,4,0,0,1.0,85,62,21.25,15.5,5.75
2016,NE,4,3,1,0,0.75,85,78,21.25,19.5,1.75
2016,NO,4,0,4,0,0.0,59,100,14.75,25.0,-10.25
2016,NYG,4,2,2,0,0.5,48,77,12.0,19.25,-7.25
2016,NYJ,4,1,3,0,0.25,61,70,15.25,17.5,-2.25
2016,PHI,4,4,0,0,1.0,81,38,20.25,9.5,10.75
2016,PIT,4,1,3,0,0.25,50,79,12.5,19.75,-7.25
2016,SEA,4,3,1,0,0.75,78,72,19.5,18.0,1.5
2016,SF,4,2,2,0,0.5,85,90,21.25,22.5,-1.25
2016,TB,4,2,2,0,0.5,79,71,19.75,17.75,2.0
2016,TEN,4,3,1,0,0.75,91,60,22.75,15.0,7.75
2016,WAS,4,3,1,0,0.75,80,70,20.0,17.5,2.5
2017,ARI,5,2,3,0,0.4,87,98,17.4,19.6,-2.2
2017,ATL,4,0,4,0,0.0,54,77,13.5,19.25,-5.75
2017,BAL,4,4,0,0,1.0,81,32,20.25,8.0,12.25
2017,BUF,4,1,3,0,0.25,62,67,15.5,16.75,-1.25
2017,CAR,4,2,2,0,0.5,92,91,23.0,22.75,0.25
2017,CHI,4,2,2,0,0.5,60,79,15.0,19.75,-4.75
2017,CIN,4,1,3,0,0.25,58,72,14.5,18.0,-3.5
2017,CLE,4,4,0,0,1.0,68,29,17.0,7.25,9.75
2017,DAL,4,3,1,0,0.75,78,70,19.5,17.5,2.0
2017,DEN,4,4,0,0,1.0,107,50,26.75,12.5,14.25
2017,DET,4,2,2,0,0.5,85,73,21.25,18.25,3.0
2017,GB,4,3,1,0,0.75,86,56,21.5,14.0,7.5
2017,HOU,3,1,2,0,0.3333,44,63,14.67,21.0,-6.33
2017,IND,4,2,2,0,0.5,55,69,13.75,17.25,-3.5
2017,JAX,4,2,2,0,0.5,75,67,18.75,16.75,2.0
2017,KC,4,2,2,0,0.5,90,71,22.5,17.75,4.75
2017,LAC,4,1,3,0,0.25,58,103,14.5,25.75,-11.25
2017,LAR,4,2,2,0,0.5,66,76,16.5,19.0,-2.5
2017,LV,4,0,4,0,0.0,64,85,16.0,21.25,-5.25
2017,MIA,4,2,2,0,0.5,91,98,22.75,24.5,-1.75
2017,MIN,4,2,2,0,0.5,71,91,17.75,22.75,-5.0
2017,NE,4,1,3,0,0.25,115,126,28.75,31.5,-2.75
2017,NO,4,2,2,0,0.5,53,41,13.25,10.25,3.0
2017,NYG,4,2,2,0,0.5,90,99,22.5,24.75,-2.25
2017,NYJ,4,2,2,0,0.5,60,61,15.0,15.25,-0.25
2017,PHI,4,2,2,0,0.5,77,87,19.25,21.75,-2.5
2017,PIT,4,3,1,0,0.75,69,58,17.25,14.5,2.75
2017,SEA,4,4,0,0,1.0,111,56,27.75,14.0,13.75
2017,SF,4,2,2,0,0.5,95,95,23.75,23.75,0.0
2017,TB,4,1,3,0,0.25,43,57,10.75,14.25,-3.5
2017,TEN,4,1,3,0,0.25,50,83,12.5,20.75,-8.25
2017,WAS,4,2,2,0,0.5,56,71,14.0,17.75,-3.75
2018,ARI,4,3,1,0,0.75,81,56,20.25,14.0,6.25
2018,ATL,4,0,4,0,0.0,27,96,6.75,24.0,-17.25
2018,BAL,5,5,0,0,1.0,127,72,25.4,14.4,11.0
2018,BUF,4,2,2,0,0.5,83,98,20.75,24.5,-3.75
2018,CAR,4,3,1,0,0.75,104,96,26.0,24.0,2.0
2018,CHI,5,2,3,0,0.4,121,118,24.2,23.6,0.6
2018,CIN,4,3,1,0,0.75,103,80,25.75,20.0,5.75
2018,CLE,4,3,1,0,0.75,77,46,19.25,11.5,7.75
2018,DAL,4,0,4,0,0.0,43,86,10.75,21.5,-10.75
2018,DEN,4,2,2,0,0.5,101,93,25.25,23.25,2.0
2018,DET,4,1,3,0,0.25,77,111,19.25,27.75,-8.5
2018,GB,4,2,2,0,0.5,109,97,27.25,24.25,3.0
2018,HOU,4,3,1,0,0.75,67,50,16.75,12.5,4.25
2018,IND,4,3,1,0,0.75,88,80,22.0,20.0,2.0
2018,JAX,4,3,1,0,0.75,76,50,19.0,12.5,6.5
2018,KC,4,2,2,0,0.5,91,79,22.75,19.75,3.0
2018,LAC,4,2,2,0,0.5,71,95,17.75,23.75,-6.0
2018,LAR,4,2,2,0,0.5,47,96,11.75,24.0,-12.25
2018,LV,4,3,1,0,0.75,74,54,18.5,13.5,5.0
2018,MIA,4,1,3,0,0.25,88,87,22.0,21.75,0.25
2018,MIN,4,3,1,0,0.75,86,65,21.5,16.25,5.25
2018,NE,4,3,1,0,0.75,94,74,23.5,18.5,5.0
2018,NO,4,3,1,0,0.75,103,47,25.75,11.75,14.0
2018,NYG,4,2,2,0,0.5,74,70,18.5,17.5,1.0
2018,NYJ,4,1,3,0,0.25,55,47,13.75,11.75,2.0
2018,PHI,4,1,3,0,0.25,44,82,11.0,20.5,-9.5
2018,PIT,4,3,1,0,0.75,120,95,30.0,23.75,6.25
2018,SEA,4,0,4,0,0.0,70,94,17.5,23.5,-6.0
2018,SF,4,1,3,0,0.25,75,83,18.75,20.75,-2.0
2018,TB,4,2,2,0,0.5,96,96,24.0,24.0,0.0
2018,TEN,4,0,4,0,0.0,40,90,10.0,22.5,-12.5
2018,WAS,4,1,3,0,0.25,69,98,17.25,24.5,-7.25
2019,ARI,4,1,3,0,0.25,59,86,14.75,21.5,-6.75
2019,ATL,5,1,4,0,0.2,85,101,17.0,20.2,-3.2
2019,BAL,4,4,0,0,1.0,101,35,25.25,8.75,16.5
2019,BUF,4,4,0,0,1.0,102,73,25.5,18.25,7.25
2019,CAR,4,2,2,0,0.5,65,69,16.25,17.25,-1.0
2019,CHI,4,1,3,0,0.25,68,91,17.0,22.75,-5.75
2019,CIN,4,1,3,0,0.25,69,89,17.25,22.25,-5.0
2019,CLE,4,3,1,0,0.75,83,57,20.75,14.25,6.5
2019,DAL,4,2,2,0,0.5,72,44,18.0,11.0,7.0
2019,DEN,5,2,3,0,0.4,69,73,13.8,14.6,-0.8
2019,DET,4,0,4,0,0.0,62,105,15.5,26.25,-10.75
2019,GB,4,2,2,0,0.5,89,94,22.25,23.5,-1.25
2019,HOU,4,1,3,0,0.25,66,107,16.5,26.75,-10.25
2019,IND,4,1,3,0,0.25,64,78,16.0,19.5,-3.5
2019,JAX,4,0,4,0,0.0,29,106,7.25,26.5,-19.25
2019,KC,4,1,3,0,0.25,82,88,20.5,22.0,-1.5
2019,LAC,4,1,3,0,0.25,72,83,18.0,20.75,-2.75
2019,LAR,4,2,2,0,0.5,45,44,11.25,11.0,0.25
2019,LV,4,3,1,0,0.75,84,67,21.0,16.75,4.25
2019,MIA,4,3,1,0,0.75,86,63,21.5,15.75,5.75
2019,MIN,4,3,1,0,0.75,102,80,25.5,20.0,5.5
2019,NE,4,3,1,0,0.75,92,54,23.0,13.5,9.5
2019,NO,4,2,2,0,0.5,85,80,21.25,20.0,1.25
2019,NYG,4,4,0,0,1.0,119,87,29.75,21.75,8.0
2019,NYJ,4,2,2,0,0.5,63,69,15.75,17.25,-1.5
2019,PHI,4,1,3,0,0.25,49,69,12.25,17.25,-5.0
2019,PIT,4,3,1,0,0.75,84,66,21.0,16.5,4.5
2019,SEA,4,3,1,0,0.75,81,69,20.25,17.25,3.0
2019,SF,4,3,1,0,0.75,92,68,23.0,17.0,6.0
2019,TB,4,3,1,0,0.75,74,71,18.5,17.75,0.75
2019,TEN,4,2,2,0,0.5,69,65,17.25,16.25,1.0
2019,WAS,4,1,3,0,0.25,49,80,12.25,20.0,-7.75
2021,ARI,2,1,1,0,0.5,29,33,14.5,16.5,-2.0
2021,ATL,3,0,3,0,0.0,30,79,10.0,26.33,-16.33
2021,BAL,3,3,0,0,1.0,74,20,24.67,6.67,18.0
2021,BUF,3,3,0,0,1.0,76,30,25.33,10.0,15.33
2021,CAR,3,1,2,0,0.3333,55,50,18.33,16.67,1.67
2021,CHI,3,2,1,0,0.6667,62,78,20.67,26.0,-5.33
2021,CIN,3,1,2,0,0.3333,58,60,19.33,20.0,-0.67
2021,CLE,3,3,0,0,1.0,59,36,19.67,12.0,7.67
2021,DAL,4,0,4,0,0.0,47,89,11.75,22.25,-10.5
2021,DEN,3,3,0,0,1.0,80,21,26.67,7.0,19.67
2021,DET,3,0,3,0,0.0,52,69,17.33,23.0,-5.67
2021,GB,3,0,3,0,0.0,21,68,7.0,22.67,-15.67
2021,HOU,3,2,1,0,0.6667,62,44,20.67,14.67,6.0
2021,IND,3,3,0,0,1.0,60,45,20.0,15.0,5.0
2021,JAX,3,1,2,0,0.3333,68,60,22.67,20.0,2.67
2021,KC,3,3,0,0,1.0,64,51,21.33,17.0,4.33
2021,LAC,3,1,2,0,0.3333,23,48,7.67,16.0,-8.33
2021,LAR,3,0,3,0,0.0,34,47,11.33,15.67,-4.33
2021,LV,3,2,1,0,0.6667,47,57,15.67,19.0,-3.33
2021,MIA,3,2,1,0,0.6667,79,63,26.33,21.0,5.33
2021,MIN,3,0,3,0,0.0,41,73,13.67,24.33,-10.67
2021,NE,3,3,0,0,1.0,79,33,26.33,11.0,15.33
2021,NO,2,1,1,0,0.5,37,38,18.5,19.0,-0.5
2021,NYG,3,0,3,0,0.0,40,51,13.33,17.0,-3.67
2021,NYJ,3,2,0,1,0.8333,66,52,22.0,17.33,4.67
2021,PHI,3,0,2,1,0.1667,47,90,15.67,30.0,-14.33
2021,PIT,4,3,1,0,0.75,75,73,18.75,18.25,0.5
2021,SEA,3,1,2,0,0.3333,37,50,12.33,16.67,-4.33
2021,SF,3,2,1,0,0.6667,65,39,21.67,13.0,8.67
2021,TB,3,1,2,0,0.3333,40,69,13.33,23.0,-9.67
2021,TEN,3,2,1,0,0.6667,81,33,27.0,11.0,16.0
2021,WAS,3,1,2,0,0.3333,33,72,11.0,24.0,-13.0
2022,ARI,3,1,2,0,0.3333,76,73,25.33,24.33,1.0
2022,ATL,3,2,1,0,0.6667,71,59,23.67,19.67,4.0
2022,BAL,3,3,0,0,1.0,64,42,21.33,14.0,7.33
2022,BUF,3,2,1,0,0.6667,69,60,23.0,20.0,3.0
2022,CAR,3,2,1,0,0.6667,54,41,18.0,13.67,4.33
2022,CHI,3,3,0,0,1.0,67,45,22.33,15.0,7.33
2022,CIN,3,1,2,0,0.3333,61,68,20.33,22.67,-2.33
2022,CLE,3,1,2,0,0.3333,64,55,21.33,18.33,3.0
2022,DAL,3,2,1,0,0.6667,66,61,22.0,20.33,1.67
2022,DEN,3,2,1,0,0.6667,55,62,18.33,20.67,-2.33
2022,DET,3,1,2,0,0.3333,59,72,19.67,24.0,-4.33
2022,GB,3,1,2,0,0.3333,51,55,17.0,18.33,-1.33
2022,HOU,3,3,0,0,1.0,58,33,19.33,11.0,8.33
2022,IND,3,1,2,0,0.3333,77,64,25.67,21.33,4.33
2022,JAX,4,0,4,0,0.0,51,95,12.75,23.75,-11.0
2022,KC,3,2,1,0,0.6667,55,43,18.33,14.33,4.0
2022,LAC,3,0,3,0,0.0,50,88,16.67,29.33,-12.67
2022,LAR,3,1,2,0,0.3333,56,62,18.67,20.67,-2.0
2022,LV,4,4,0,0,1.0,91,50,22.75,12.5,10.25
2022,MIA,3,2,1,0,0.6667,87,49,29.0,16.33,12.67
2022,MIN,3,0,3,0,0.0,40,66,13.33,22.0,-8.67
2022,NE,3,1,2,0,0.3333,47,56,15.67,18.67,-3.0
2022,NO,3,1,2,0,0.3333,50,47,16.67,15.67,1.0
2022,NYG,3,2,1,0,0.6667,75,74,25.0,24.67,0.33
2022,NYJ,3,3,0,0,1.0,79,64,26.33,21.33,5.0
2022,PHI,3,1,2,0,0.3333,52,92,17.33,30.67,-13.33
2022,PIT,3,3,0,0,1.0,67,49,22.33,16.33,6.0
2022,SEA,3,0,3,0,0.0,62,86,20.67,28.67,-8.0
2022,SF,3,2,1,0,0.6667,45,45,15.0,15.0,0.0
2022,TB,3,0,3,0,0.0,37,66,12.33,22.0,-9.67
2022,TEN,3,2,1,0,0.6667,49,49,16.33,16.33,0.0
2022,WAS,3,0,3,0,0.0,50,64,16.67,21.33,-4.67
2023,ARI,3,2,1,0,0.6667,46,72,15.33,24.0,-8.67
2023,ATL,3,1,1,1,0.5,32,40,10.67,13.33,-2.67
2023,BAL,3,1,2,0,0.3333,68,74,22.67,24.67,-2.0
2023,BUF,3,2,1,0,0.6667,62,67,20.67,22.33,-1.67
2023,CAR,3,0,3,0,0.0,36,74,12.0,24.67,-12.67
2023,CHI,3,1,2,0,0.3333,61,65,20.33,21.67,-1.33
2023,CIN,3,0,2,1,0.1667,51,70,17.0,23.33,-6.33
2023,CLE,4,1,2,1,0.375,86,84,21.5,21.0,0.5
2023,DAL,3,1,2,0,0.3333,68,66,22.67,22.0,0.67
2023,DEN,3,1,2,0,0.3333,78,39,26.0,13.0,13.0
2023,DET,3,2,1,0,0.6667,54,58,18.0,19.33,-1.33
2023,GB,3,2,1,0,0.6667,72,55,24.0,18.33,5.67
2023,HOU,3,2,1,0,0.6667,40,50,13.33,16.67,-3.33
2023,IND,3,2,1,0,0.6667,70,53,23.33,17.67,5.67
2023,JAX,3,3,0,0,1.0,84,48,28.0,16.0,12.0
2023,KC,3,2,1,0,0.6667,95,68,31.67,22.67,9.0
2023,LAC,3,2,1,0,0.6667,74,51,24.67,17.0,7.67
2023,LAR,3,0,3,0,0.0,34,109,11.33,36.33,-25.0
2023,LV,3,2,1,0,0.6667,84,55,28.0,18.33,9.67
2023,MIA,3,1,2,0,0.3333,49,53,16.33,17.67,-1.33
2023,MIN,3,0,3,0,0.0,46,66,15.33,22.0,-6.67
2023,NE,3,1,2,0,0.3333,37,60,12.33,20.0,-7.67
2023,NO,3,2,1,0,0.6667,61,58,20.33,19.33,1.0
2023,NYG,3,1,2,0,0.3333,61,72,20.33,24.0,-3.67
2023,NYJ,4,2,2,0,0.5,81,58,20.25,14.5,5.75
2023,PHI,3,0,2,1,0.1667,50,65,16.67,21.67,-5.0
2023,PIT,3,3,0,0,1.0,78,32,26.0,10.67,15.33
2023,SEA,3,2,1,0,0.6667,61,46,20.33,15.33,5.0
2023,SF,3,1,2,0,0.3333,40,77,13.33,25.67,-12.33
2023,TB,3,2,1,0,0.6667,56,53,18.67,17.67,1.0
2023,TEN,3,2,1,0,0.6667,64,46,21.33,15.33,6.0
2023,WAS,3,3,0,0,1.0,67,62,22.33,20.67,1.67
2024,ARI,3,0,3,0,0.0,39,75,13.0,25.0,-12.0
2024,ATL,3,0,3,0,0.0,25,64,8.33,21.33,-13.0
2024,BAL,3,1,2,0,0.3333,33,58,11.0,19.33,-8.33
2024,BUF,3,1,2,0,0.3333,41,67,13.67,22.33,-8.67
2024,CAR,3,1,2,0,0.3333,46,58,15.33,19.33,-4.0
2024,CHI,4,4,0,0,1.0,115,47,28.75,11.75,17.0
2024,CIN,3,0,3,0,0.0,31,71,10.33,23.67,-13.33
2024,CLE,3,0,3,0,0.0,55,87,18.33,29.0,-10.67
2024,DAL,3,1,2,0,0.3333,58,51,19.33,17.0,2.33
2024,DEN,3,3,0,0,1.0,99,44,33.0,14.67,18.33
2024,DET,3,2,1,0,0.6667,51,54,17.0,18.0,-1.0
2024,GB,3,2,1,0,0.6667,55,44,18.33,14.67,3.67
2024,HOU,4,3,1,0,0.75,82,58,20.5,14.5,6.0
2024,IND,3,2,1,0,0.6667,78,61,26.0,20.33,5.67
2024,JAX,3,3,0,0,1.0,77,20,25.67,6.67,19.0
2024,KC,3,0,3,0,0.0,57,84,19.0,28.0,-9.0
2024,LAC,3,1,2,0,0.3333,38,48,12.67,16.0,-3.33
2024,LAR,3,2,1,0,0.6667,41,38,13.67,12.67,1.0
2024,LV,3,0,2,1,0.1667,59,75,19.67,25.0,-5.33
2024,MIA,3,2,1,0,0.6667,47,43,15.67,14.33,1.33
2024,MIN,3,3,0,0,1.0,77,38,25.67,12.67,13.0
2024,NE,3,1,2,0,0.3333,40,37,13.33,12.33,1.0
2024,NO,3,1,2,0,0.3333,53,60,17.67,20.0,-2.33
2024,NYG,3,1,2,0,0.3333,30,41,10.0,13.67,-3.67
2024,NYJ,3,3,0,0,1.0,45,35,15.0,11.67,3.33
2024,PHI,3,2,1,0,0.6667,33,52,11.0,17.33,-6.33
2024,PIT,3,0,3,0,0.0,32,53,10.67,17.67,-7.0
2024,SEA,3,2,1,0,0.6667,68,52,22.67,17.33,5.33
2024,SF,3,1,1,1,0.5,53,51,17.67,17.0,0.67
2024,TB,3,2,1,0,0.6667,48,48,16.0,16.0,0.0
2024,TEN,3,3,0,0,1.0,63,55,21.0,18.33,2.67
2024,WAS,3,1,2,0,0.3333,43,43,14.33,14.33,0.0
2025,ARI,3,2,1,0,0.6667,47,54,15.67,18.0,-2.33
2025,ATL,3,0,3,0,0.0,43,71,14.33,23.67,-9.33
2025,BAL,3,3,0,0,1.0,85,32,28.33,10.67,17.67
2025,BUF,3,1,2,0,0.3333,48,91,16.0,30.33,-14.33
2025,CAR,3,0,3,0,0.0,23,69,7.67,23.0,-15.33
2025,CHI,3,2,0,1,0.8333,91,51,30.33,17.0,13.33
2025,CIN,3,1,2,0,0.3333,72,92,24.0,30.67,-6.67
2025,CLE,3,3,0,0,1.0,71,40,23.67,13.33,10.33
2025,DAL,3,1,2,0,0.3333,65,75,21.67,25.0,-3.33
2025,DEN,3,3,0,0,1.0,85,35,28.33,11.67,16.67
2025,DET,4,1,3,0,0.25,48,94,12.0,23.5,-11.5
2025,GB,3,2,1,0,0.6667,53,56,17.67,18.67,-1.0
2025,HOU,3,2,1,0,0.6667,56,30,18.67,10.0,8.67
2025,IND,3,1,2,0,0.3333,76,61,25.33,20.33,5.0
2025,JAX,3,0,2,1,0.1667,48,62,16.0,20.67,-4.67
2025,KC,3,0,3,0,0.0,60,82,20.0,27.33,-7.33
2025,LAC,4,2,2,0,0.5,106,73,26.5,18.25,8.25
2025,LAR,3,2,1,0,0.6667,71,62,23.67,20.67,3.0
2025,LV,3,0,2,1,0.1667,52,65,17.33,21.67,-4.33
2025,MIA,3,2,0,1,0.8333,62,47,20.67,15.67,5.0
2025,MIN,3,1,2,0,0.3333,45,53,15.0,17.67,-2.67
2025,NE,3,2,1,0,0.6667,78,72,26.0,24.0,2.0
2025,NO,3,0,2,1,0.1667,49,72,16.33,24.0,-7.67
2025,NYG,3,3,0,0,1.0,107,47,35.67,15.67,20.0
2025,NYJ,3,1,2,0,0.3333,59,60,19.67,20.0,-0.33
2025,PHI,3,2,1,0,0.6667,66,66,22.0,22.0,0.0
2025,PIT,3,2,1,0,0.6667,64,52,21.33,17.33,4.0
2025,SEA,3,1,1,1,0.5,63,59,21.0,19.67,1.33
2025,SF,3,2,1,0,0.6667,61,72,20.33,24.0,-3.67
2025,TB,3,2,1,0,0.6667,65,44,21.67,14.67,7.0
2025,TEN,3,2,1,0,0.6667,53,62,17.67,20.67,-3.0
2025,WAS,3,0,3,0,0.0,38,109,12.67,36.33,-23.67
2026,ARI,4,1,3,0,0.25,108,123,27.0,30.75,-3.75
2026,ATL,3,2,1,0,0.6667,58,45,19.33,15.0,4.33
2026,BAL,3,3,0,0,1.0,78,13,26.0,4.33,21.67
2026,BUF,3,3,0,0,1.0,88,48,29.33,16.0,13.33
2026,CAR,4,3,1,0,0.75,97,89,24.25,22.25,2.0
2026,CHI,3,2,1,0,0.6667,67,52,22.33,17.33,5.0
2026,CIN,3,3,0,0,1.0,73,36,24.33,12.0,12.33
2026,CLE,3,1,2,0,0.3333,54,78,18.0,26.0,-8.0
2026,DAL,3,2,1,0,0.6667,75,47,25.0,15.67,9.33
2026,DEN,3,2,1,0,0.6667,74,46,24.67,15.33,9.33
2026,DET,3,2,1,0,0.6667,56,45,18.67,15.0,3.67
2026,GB,3,2,1,0,0.6667,84,79,28.0,26.33,1.67
2026,HOU,3,0,3,0,0.0,40,65,13.33,21.67,-8.33
2026,IND,3,0,2,1,0.1667,35,72,11.67,24.0,-12.33
2026,JAX,3,2,1,0,0.6667,60,54,20.0,18.0,2.0
2026,KC,3,0,2,1,0.1667,36,45,12.0,15.0,-3.0
2026,LAC,3,1,2,0,0.3333,62,68,20.67,22.67,-2.0
2026,LAR,3,3,0,0,1.0,74,30,24.67,10.0,14.67
2026,LV,3,1,2,0,0.3333,48,65,16.0,21.67,-5.67
2026,MIA,3,0,3,0,0.0,22,63,7.33,21.0,-13.67
2026,MIN,3,1,2,0,0.3333,22,57,7.33,19.0,-11.67
2026,NE,3,1,1,1,0.5,50,71,16.67,23.67,-7.0
2026,NO,3,1,2,0,0.3333,47,82,15.67,27.33,-11.67
2026,NYG,3,2,1,0,0.6667,59,22,19.67,7.33,12.33
2026,NYJ,3,1,2,0,0.3333,39,47,13.0,15.67,-2.67
2026,PHI,3,0,3,0,0.0,41,78,13.67,26.0,-12.33
2026,PIT,3,1,2,0,0.3333,55,54,18.33,18.0,0.33
2026,SEA,3,0,2,1,0.1667,32,45,10.67,15.0,-4.33
2026,SF,3,2,1,0,0.6667,72,48,24.0,16.0,8.0
2026,TB,3,2,1,0,0.6667,40,50,13.33,16.67,-3.33
2026,TEN,3,2,1,0,0.6667,53,53,17.67,17.67,0.0
2026,WAS,3,1,2,0,0.3333,36,65,12.0,21.67,-9.67
